value,description,codesystem,code,hpo
1,duchenne muscular dystrophy xl,cineas,1,HP:0003560
4,cleft lip palate unspecified,cineas,4,
11,acute lymphatic leukemia,cineas,11,HP:0006721
26,albinism unspecified,cineas,26,
35,amnion band syndrome,cineas,35,
36,amyoplasia,cineas,36,HP:0003634
37,amyotrophic lateral sclerosis ad,cineas,37,HP:0007354
46,hemolytic anemia unspecified,cineas,46,HP:0001878
52,anencephaly inheritance unspecified,cineas,52,
55,growth disorder unspecified,cineas,55,
56,sex chromosome mosaicism,cineas,56,
57,anus atresia,cineas,57,
62,arthrogryposis unspecified,cineas,62,HP:0002804
66,ataxia unspecified,cineas,66,
69,ataxia telangiectasia,cineas,69,
70,adrenal hyperplasia unspecified,cineas,70,HP:0008221
73,distal arthrogryposis unspecified,cineas,73,HP:0005684
74,vermis agenesis,cineas,74,HP:0002335
75,anophthalmia unspecified,cineas,75,HP:0000528
79,beckwith wiedemann syndrome,cineas,79,
83,epicanthus inversus ptosis syndrome unspecified,cineas,83,
84,ptosis eyelid unspecified,cineas,84,HP:0000508
98,skeletal dysplasia unspecified,cineas,98,HP:0002652
103,brachycephaly,cineas,103,HP:0000248
106,sotos syndrome,cineas,106,
111,microcephaly unspecified,cineas,111,HP:0000252
112,hydrocephaly unspecified,cineas,112,HP:0000238
114,scleroderma familial progressive ad,cineas,114,HP:0100324
117,syndrome vater inheritance unspecified,cineas,117,
124,holt oram syndrome ad,cineas,124,
125,nail dysplasia ad,cineas,125,HP:0002164
131,edwards syndrome unspecified,cineas,131,
132,cri-du-chat syndrome monosomy chromosome (5)(p15.2),cineas,132,
133,chronic lymphocytic leukemia,cineas,133,HP:0005550
137,pierre robin syndrome inheritance unspecified,cineas,137,
139,cleft lip bilateral,cineas,139,HP:0100336
140,cleft lip unilateral,cineas,140,HP:0100333
143,spina bifida unspecified,cineas,143,HP:0002414
145,camptodactyly unspecified,cineas,145,HP:0012385
146,cerebellar ataxia unspecified,cineas,146,HP:0001251
148,clubfoot unspecified,cineas,148,
149,cockayne syndrome type 1 ar,cineas,149,
150,cutis laxa unspecified,cineas,150,
156,polydactyly unspecified,cineas,156,HP:0010442
157,situs inversus unspecified,cineas,157,
159,congenital nephrotic syndrome,cineas,159,HP:0008677
162,consanguinity,cineas,162,
164,myotonic dystrophy,cineas,164,
165,neuromuscular disease unspecified,cineas,165,
167,muscular dystrophy unspecified,cineas,167,HP:0003560
173,syndactyly unspecified,cineas,173,
176,alagille syndrome ad,cineas,176,
179,basal cell nevus syndrome ad,cineas,179,HP:0002671
184,caudal dysplasia syndrome,cineas,184,
186,cornelia de lange syndrome ad,cineas,186,
189,malignant melanoma ad,cineas,189,HP:0002861
190,ehlers-danlos syndrome unspecified,cineas,190,
192,fetal alcohol syndrome,cineas,192,
194,fragile x syndrome unspecified,cineas,194,
198,hemolytic uremic syndrome inheritance unspecified,cineas,198,HP:0005575
204,hypoplastic left heart syndrome inheritance unspecified,cineas,204,
205,kartagener syndrome ar,cineas,205,
214,marfan syndrome unspecified ad,cineas,214,
219,noonan syndrome ad,cineas,219,
220,prader-willi syndrome unspecified,cineas,220,
221,reiter syndrome,cineas,221,
233,von hippel lindau disease ad,cineas,233,
243,ehlers-danlos syndrome type 4,cineas,243,
250,osteogenesis imperfecta type 2 unspecified,cineas,250,
255,osteogenesis imperfecta type 4 unspecified ad,cineas,255,
256,mental deficiency course and pathogenecity unspecified,cineas,256,
257,multiple congenital anomalies mental retardation syndrome,cineas,257,
259,cystic fibrosis ar,cineas,259,HP:0012860
260,neural tube defect unspecified,cineas,260,HP:0045005
261,neurofibromatosis 1 ad,cineas,261,HP:0001067
267,tuberous sclerosis locus unspecified ad,cineas,267,
270,motor retardation unspecified,cineas,270,HP:0001270
271,hernia diaphragmatic inheritance unspecified,cineas,271,
273,hypoglycemia unspecified,cineas,273,
276,cohen syndrome ar,cineas,276,
277,connective tissue disorder unspecified,cineas,277,
278,congenital cataract,cineas,278,HP:0000519
280,congenital heart disease inheritance unspecified,cineas,280,
282,congenital heart malformation,cineas,282,HP:0045017
283,congenital eye malformation unspecified,cineas,283,
285,epilepsy unspecified,cineas,285,
293,diabetes mellitus unspecified,cineas,293,HP:0000819
298,ectrodactyly ad,cineas,298,HP:0100257
301,goldenhar syndrome inheritance unspecified,cineas,301,
305,arthrogryposis multiplex congenita unspecified,cineas,305,HP:0002804
306,psychomotor retardation unspecified,cineas,306,HP:0025356
309,smith-lemli-opitz syndrome,cineas,309,
311,mental retardation unspecified,cineas,311,HP:0001249
314,multiple congenital anomalies,cineas,314,HP:0001374
317,hereditary motor and sensory neuropathy type 1,cineas,317,HP:0007141
326,polysplenia,cineas,326,HP:0001748
330,spina bifida aperta,cineas,330,HP:0002414
339,ankyloblepharon ectodermal defects cleft lip/palate,cineas,339,
342,aortic arch syndrome,cineas,342,
345,holoprosencephaly ad,cineas,345,HP:0001360
350,freeman sheldon syndrome ad,cineas,350,
352,adducted thumbs syndrome xl,cineas,352,HP:0001181
354,borjeson forssman lehmann syndrome xl,cineas,354,
356,syndrome charge inheritance unspecified,cineas,356,
359,coffin lowry syndrome xl,cineas,359,
360,coffin siris syndrome inheritance unspecified,cineas,360,
361,craniofacial dysmorfism,cineas,361,HP:0012179
362,craniosynostosis unspecified,cineas,362,HP:0001363
369,achromatopsia ar,cineas,369,HP:0011516
381,acrofacial dysostosis type nager,cineas,381,
399,amelogenesis imperfecta unspecified,cineas,399,HP:0000705
401,angelman syndrome type unspecified,cineas,401,
414,marden walker syndrome ar,cineas,414,
416,brachydactyly type c unspecified ad,cineas,416,HP:0009373
431,cataract unspecified,cineas,431,
441,inborn error of metabolism unspecified,cineas,441,
443,spinal muscular atrophy unspecified,cineas,443,HP:0007269
448,situs inversus totalis,cineas,448,HP:0001696
449,situs inversus abdominal organs,cineas,449,HP:0003363
450,situs inversus thoracic organs,cineas,450,HP:0001651
457,spinal muscular atrophy type 1,cineas,457,HP:0007269
460,macrocephaly unspecified,cineas,460,HP:0000256
463,mental retardation slight,cineas,463,HP:0001249
464,mental retardation medium,cineas,464,HP:0001249
465,mental retardation severe,cineas,465,HP:0010864
466,mental retardation familial,cineas,466,HP:0001249
467,mental retardation unspecified xl,cineas,467,HP:0001249
470,antitrypsin,cineas,470,
473,hereditary spherocytosis ad,cineas,473,
477,kidney agenesis unilateral,cineas,477,HP:0000122
478,kidney agenesis bilateral,cineas,478,HP:0012586
482,olivopontocerebellar atrophy unspecified,cineas,482,HP:0002542
492,myopathy unspecified,cineas,492,
494,scapuloperoneal myopathy ad,cineas,494,HP:0009054
495,incontinentia pigmenti achromians ad,cineas,495,
497,leukodystrophy unspecified,cineas,497,HP:0002415
498,krabbe disease,cineas,498,
502,heterozygous carrier,cineas,502,
504,disorder in first degree relative,cineas,504,
509,early urethral obstruction sequence unspecified,cineas,509,
511,autosome mosaicism,cineas,511,
513,trisomy x unspecified,cineas,513,
515,ventricular septal defect inheritance unspecified,cineas,515,HP:0011622
516,atrial septal defect inheritance unspecified,cineas,516,HP:0001631
517,ebstein anomaly inheritance unspecified,cineas,517,
518,large vessel transposition unspecified,cineas,518,
529,rubinstein taybi syndrome unspecified,cineas,529,
532,kidney dysplasia unspecified,cineas,532,
536,myopathy mitochondrial unspecified,cineas,536,HP:0003737
538,asplenia polysplenia syndrome ar,cineas,538,
540,bicuspid aortic valve inheritance unspecified,cineas,540,HP:0001647
548,hepatitis unspecified,cineas,548,
550,polysyndactyly unspecified,cineas,550,
576,osteopoikilosis ad,cineas,576,HP:0010739
585,vertebral segmentation defect,cineas,585,HP:0003422
598,epidermal nevus syndrome ad,cineas,598,HP:0010816
601,contracture joint,cineas,601,HP:0001371
612,cantrell syndrome,cineas,612,
620,chondrodysplasia punctata unspecified xlr,cineas,620,
669,oculodentoosseous dysplasia unspecified,cineas,669,
672,greig syndrome ad,cineas,672,
676,hemifacial microsomia unspecified,cineas,676,
678,klippel feil syndrome unspecified,cineas,678,HP:0004602
679,wildervanck syndrome,cineas,679,
685,roberts syndrome ar,cineas,685,
688,thrombocytopenia radial aplasia syndrome,cineas,688,
689,orofacialdigital syndrome unspecified,cineas,689,
699,multicentric osteolysis type hajdu cheney,cineas,699,
705,hypercalcemia idiopathic of infancy ad,cineas,705,
706,vitamin d dependent rickets unspecified,cineas,706,
709,mucopolysaccharidosis type 3a,cineas,709,
711,mucopolysaccharidosis type 3,cineas,711,
737,ureter stenosis,cineas,737,HP:0008661
752,adams-oliver syndrome ad,cineas,752,
774,athyreotism inheritance unspecified,cineas,774,
777,asymmetric crying face,cineas,777,HP:0011333
781,bipolar psychosis,cineas,781,
795,hearing loss unspecified,cineas,795,
797,deafness bilateral unspecified,cineas,797,HP:0009900
800,deafness sensorineural unspecified,cineas,800,HP:0000407
812,dermal hypoplasia unspecified,cineas,812,
814,focal dermal aplasia,cineas,814,HP:0007510
822,dermoid cyst localisation unspecified,cineas,822,
833,diabetes mellitus type mody ad,cineas,833,HP:0100651
855,pituitary dwarfism unspecified,cineas,855,HP:0000839
861,peters anomaly unspecified,cineas,861,HP:0000659
863,dyskinesia unspecified,cineas,863,
864,familial paroxysmal dyskinesia,cineas,864,HP:0007166
868,dystonia unspecified,cineas,868,
875,ectodermal dysplasia unspecified,cineas,875,HP:0000968
883,angioneurotic edema ad,cineas,883,HP:0100665
892,exostosis unspecified,cineas,892,
897,multiple endocrine neoplasia unspecified,cineas,897,
898,multiple endocrine neoplasia type 1 ad,cineas,898,
901,myoclonic epilepsy,cineas,901,
905,esophagus atresia inheritance unspecified,cineas,905,
910,fetal anticonvulsant drug syndrome unspecified,cineas,910,
914,fetal toxoplasmosis infection syndrome,cineas,914,
916,fetal valproate syndrome,cineas,916,
920,hypertelorism unspecified,cineas,920,
927,hypospadias,cineas,927,HP:0000047
936,hemihypertrophy unspecified,cineas,936,HP:0005323
939,polyposis adenomatous intestinal familial unspecified ad,cineas,939,
942,retinitis pigmentosa unspecified,cineas,942,HP:0000510
946,molybdenum cofactor deficiency,cineas,946,HP:0003570
958,carnitine palmitoyltransferase 2 deficiency,cineas,958,
961,spastic paraplegia hereditary ar,cineas,961,HP:0001258
968,spastic paraplegia unspecified,cineas,968,HP:0001258
974,spastic ataxia,cineas,974,HP:0002497
977,spastic paraparesis,cineas,977,HP:0002313
979,chromosome aberration unspecified,cineas,979,
980,chromosome duplication unspecified,cineas,980,
981,chromosome deletion unspecified,cineas,981,
986,chromosome variant unspecified,cineas,986,
990,chromosome translocation unbalanced,cineas,990,
992,rett syndrome,cineas,992,HP:0100580
995,radioulnar synostoses unspecified,cineas,995,HP:0002974
997,aorta coarctation unspecified,cineas,997,HP:0001680
1000,fragile x chromosome unspecified,cineas,1000,
1001,chromosome translocation balanced,cineas,1001,
1002,thrombocytopenia,cineas,1002,HP:0001873
1004,fetal hydrops ar,cineas,1004,HP:0001789
1005,hygroma colli inheritance unspecified,cineas,1005,
1006,echographic fetal malformation unspecified,cineas,1006,
1007,metabolic disorder unspecified,cineas,1007,
1011,asphyxia,cineas,1011,HP:0012768
1012,encephalopathy unspecified,cineas,1012,HP:0001298
1013,cholestasis intrahepatic inheritance unspecified,cineas,1013,HP:0001406
1014,perinatal pathology,cineas,1014,
1031,nose malformation unspecified,cineas,1031,
1032,face dysmorphia,cineas,1032,HP:0001999
1036,galactokinase deficiency,cineas,1036,HP:0025130
1045,glycogen storage disease type 5,cineas,1045,
1048,gonadal dysgenesis xx type with deafness ar,cineas,1048,
1049,gonadal dysgenesis xx type ar,cineas,1049,HP:0000133
1054,ichthyosis xl,cineas,1054,HP:0008064
1056,cleft lip palate with mucous cysts of lower lip ad,cineas,1056,
1059,myopathy centronuclear xl,cineas,1059,
1066,neuropathy painful ar,cineas,1066,HP:0003477
1075,chorea familial benign ar,cineas,1075,
1076,chorea hereditary benign ad,cineas,1076,
1093,herpes virus sensitivity,cineas,1093,
1102,hydrocephalus xl,cineas,1102,HP:0000238
1114,fibromatosis juvenile hyaline ar,cineas,1114,
1167,muscular dystrophy 1 ar,cineas,1167,HP:0003560
1173,autoimmune disease inheritance unspecified,cineas,1173,
1176,cancer of colon unspecified ad,cineas,1176,
1178,cancer of the breast familial unspecified ad,cineas,1178,
1180,hallervorden spatz disease ar,cineas,1180,
1191,corpus callosum agenesis unspecified,cineas,1191,HP:0001274
1203,premature ovarian failure familial,cineas,1203,HP:0008209
1205,ovarian tumor unspecified,cineas,1205,HP:0100615
1230,retinitis pigmentosa 1 ad,cineas,1230,HP:0000510
1240,tetralogy of fallot inheritance unspecified,cineas,1240,
1249,hypermobility syndrome,cineas,1249,
1264,thrombocytopenia unspecified,cineas,1264,HP:0001873
1268,torsion dystonia ad,cineas,1268,HP:0001304
1273,turcot syndrome ar,cineas,1273,
1282,phenylketonuria,cineas,1282,
1284,uncombable hair syndrome ad,cineas,1284,
1292,hypotonia unspecified,cineas,1292,
1295,anodontia partial inheritance unspecified,cineas,1295,
1311,niemann pick disease type C,cineas,1311,
1347,propionic aciduria,cineas,1347,HP:0003571
1391,cardiomyopathy unspecified,cineas,1391,HP:0001638
1392,cataract congenital,cineas,1392,HP:0000519
1398,hepatomegaly,cineas,1398,HP:0002240
1400,hydranencephaly,cineas,1400,HP:0002324
1402,intrauterine fetal death,cineas,1402,
1406,limb reduction deformities unspecified,cineas,1406,
1409,megaloureter,cineas,1409,HP:0000072
1410,mental retardation moderate,cineas,1410,HP:0002342
1412,micrognathia,cineas,1412,HP:0000347
1414,micropenis,cineas,1414,HP:0000054
1416,oligohydramnios,cineas,1416,HP:0001562
1417,omphalocele,cineas,1417,HP:0001539
1427,ornithine transcarbamoylase deficiency,cineas,1427,
1429,lupus erythematosus systemic unspecified,cineas,1429,HP:0002725
1431,anal atresia,cineas,1431,HP:0002023
1432,pancytopenia unspecified,cineas,1432,HP:0001876
1433,growth retardation unspecified,cineas,1433,HP:0001510
1434,growth accelaration unspecified,cineas,1434,
1439,sexual development abnormal,cineas,1439,
1443,arachnoidal cyst,cineas,1443,HP:0100702
1446,mitral valve prolapse ad,cineas,1446,HP:0001634
1447,speech retardation,cineas,1447,
1452,sirenomelia,cineas,1452,HP:0010497
1466,aplasia cutis congenital,cineas,1466,HP:0001057
1469,wilson disease,cineas,1469,
1477,psychomotor retardation xl unspecified,cineas,1477,HP:0025356
1480,thalassemia alpha,cineas,1480,
1485,psychosis unspecified,cineas,1485,
1486,autism,cineas,1486,HP:0000717
1487,nonne milroy syndrome,cineas,1487,
1497,pterygium syndrome ar,cineas,1497,
1506,cardiac dysrhythmia unspecified,cineas,1506,
1508,narcolepsy ad,cineas,1508,HP:0030050
1512,scoliosis congenital,cineas,1512,HP:0008458
1518,varicosis legs,cineas,1518,
1519,stomatitis aphthous,cineas,1519,HP:0011107
1532,glutaricaciduria unspecified,cineas,1532,HP:0003150
1542,methylmalonic acidemia unspecified,cineas,1542,HP:0002912
1546,familial hypercholesterolemia,cineas,1546,HP:0003124
1565,sudden infant death syndrome,cineas,1565,
1567,leigh encephalomyelopathy infantile ar,cineas,1567,HP:0007105
1576,tyrosinemia type 1,cineas,1576,HP:0003231
1582,granulomatous disease chronic xl,cineas,1582,
1588,normal fetus female,cineas,1588,
1589,normal fetus male,cineas,1589,
1599,alpha-aminoadipicaciduria,cineas,1599,HP:0410309
1601,carbamoyl phosphate synthetase deficiency,cineas,1601,
1604,cholestasis unspecified,cineas,1604,
1618,hyperprolinemia type 1,cineas,1618,HP:0008358
1622,immune deficiency disease unspecified,cineas,1622,
1626,microphthalmia or anophthalmos with associated anomalies,cineas,1626,
1638,renal agenesis bilateral,cineas,1638,HP:0010958
1645,xanthinuria,cineas,1645,HP:0010934
1646,strabismus unspecified,cineas,1646,
1649,goitre unspecified,cineas,1649,
1656,neurological disease unspecified,cineas,1656,
1663,epidermolytic hyperkeratosis ad,cineas,1663,HP:0007475
1665,ataxia cerebellar ad,cineas,1665,HP:0001251
1672,paragangliomata unspecified,cineas,1672,HP:0002668
1673,pancreatitis hereditary,cineas,1673,
1674,truncus unspecified,cineas,1674,
1706,limb body wall complex,cineas,1706,
1720,adrenal insufficiency,cineas,1720,HP:0000846
1724,glycogen storage disease 4 infantile ar,cineas,1724,
1729,aortic valve insufficiency congenital,cineas,1729,HP:0001659
1730,aortic valve stenosis congenital inheritance unspecified,cineas,1730,
1733,cafe au lait spot,cineas,1733,HP:0000957
1735,cardiac arrest,cineas,1735,HP:0001695
1739,cholelithiasis unspecified,cineas,1739,HP:0001081
1742,colitis ulcerosa,cineas,1742,HP:0100279
1744,crohn disease inheritance unspecified,cineas,1744,
1746,cystinuria,cineas,1746,HP:0003131
1748,depigmentation unspecified,cineas,1748,
1758,hemiplegia unspecified,cineas,1758,
1760,hydronephrosis congenital,cineas,1760,HP:0000126
1762,hypertension,cineas,1762,HP:0000822
1767,infantile hemiplegia unspecified,cineas,1767,
1768,krabbe disease infantile,cineas,1768,
1773,malignant melanoma unspecified,cineas,1773,HP:0002861
1791,myocardial infarction acute,cineas,1791,HP:0001658
1792,myopia,cineas,1792,HP:0000545
1794,nevus unspecified,cineas,1794,
1801,patent ductus arteriosus,cineas,1801,HP:0001643
1805,precocious puberty,cineas,1805,HP:0000826
1812,spinocerebellar disease unspecified,cineas,1812,
1816,urethra stenosis congenital,cineas,1816,HP:0008661
1828,trichothiodystrophy with dna repair defect non xp4,cineas,1828,
1842,maple syrup urine disease unspecified,cineas,1842,
1846,trisomy 22 unspecified,cineas,1846,
1850,triploidy syndrome mosaicism,cineas,1850,
1857,trisomy 12 unspecified,cineas,1857,
1863,partial monosomy xp syndrome,cineas,1863,
1865,xxx syndrome,cineas,1865,
1867,xyy syndrome,cineas,1867,
1870,partial monosomy (1)(pter),cineas,1870,
1872,partial monosomy (1)(q),cineas,1872,
1873,partial monosomy (1)(qter),cineas,1873,
1874,partial monosomy (1)(q2),cineas,1874,
1878,partial monosomy (2)(p),cineas,1878,
1882,partial monosomy (2)(q),cineas,1882,
1888,partial trisomy (3)(p),cineas,1888,
1890,partial monosomy (3)(q),cineas,1890,
1908,microcephaly ar,cineas,1908,HP:0000252
1909,partial trisomy (6)(p2),cineas,1909,
1915,partial monosomy (7)(q),cineas,1915,
1919,partial monosomy (8)(p),cineas,1919,
1921,partial trisomy (8)(p),cineas,1921,
1922,partial monosomy (8)(q),cineas,1922,
1925,partial monosomy (9)(p),cineas,1925,
1927,partial monosomy (9)(q),cineas,1927,
1930,partial monosomy (10)(p),cineas,1930,
1937,partial monosomy (11)(q),cineas,1937,
1951,partial monosomy (15)(q),cineas,1951,
1952,partial trisomy (15)(q),cineas,1952,
1955,partial monosomy (16)(p),cineas,1955,
1956,partial trisomy (16)(p),cineas,1956,
1960,partial trisomy (17)(p12),cineas,1960,
1973,partial trisomy (19)(q),cineas,1973,
1978,partial monosomy (21)(q),cineas,1978,
1980,partial monosomy (22)(q),cineas,1980,
1981,partial trisomy (22)(q),cineas,1981,
1984,microcephaly ad,cineas,1984,HP:0000252
1991,optic nerve tumor glioma unspecified,cineas,1991,
1994,cystic hygroma,cineas,1994,HP:0000476
1996,convulsions febrile inheritance unspecified,cineas,1996,
1997,lennox gastaut syndrome,cineas,1997,
1998,childhood absence epilepsy,cineas,1998,
2000,juvenile myoclonic epilepsy,cineas,2000,
2001,temporal lobe epilepsy,cineas,2001,
2003,rolandic epilepsy,cineas,2003,
2010,progressive myoclonic epilepsy,cineas,2010,
2011,epilepsy unclassifiable,cineas,2011,
2012,neonatal seizures,cineas,2012,HP:0032807
2017,respiratory distress syndrome inheritance unspecified,cineas,2017,HP:0033677
2018,aortic valve atresia,cineas,2018,HP:0010883
2023,polycystic kidneys unspecified,cineas,2023,HP:0000113
2025,multiple congenital anomalies of the brain,cineas,2025,
2028,double outlet right ventricle,cineas,2028,HP:0001719
2068,craniofrontonasal dysplasia xl,cineas,2068,
2069,oeis complex,cineas,2069,
2075,hydrocephaly congenital unspecified,cineas,2075,
2077,wolf hirschhorn syndrome unspecified,cineas,2077,
2082,fistula tracheoesophageal inheritance unspecified,cineas,2082,HP:0002575
2083,fetal hydrops inheritance unknown,cineas,2083,
2084,diabetus insipidus cause and inheritance unspecified,cineas,2084,
2087,infantile spasms inheritance unknown,cineas,2087,
2089,retinal dysplasia inheritance unspecified,cineas,2089,
2090,mitral valve prolapse inheritance unspecified,cineas,2090,
2094,limb reduction deficiency unspecified,cineas,2094,
2095,aortic valve insufficiency unspecified,cineas,2095,
2097,aortic valve stenosis unspecified,cineas,2097,HP:0001650
2103,postnatal growth retardation failure to thrive,cineas,2103,HP:0001508
2104,postnatal growth retardation unspecified,cineas,2104,HP:0008897
2105,postnatal growth retardation short stature inheritance unspecified,cineas,2105,
2106,postnatal growth retardation familial short stature inheritance unspecified,cineas,2106,
2107,prenatal growth retardation unspecified,cineas,2107,HP:0001511
2110,polycystic kidneys potter type 3 apkd 1 ad,cineas,2110,
2111,holoprosencephaly unspecified,cineas,2111,HP:0001360
2114,hernia inguinal inheritance unspecified,cineas,2114,
2115,hernia diaphragmatic ad,cineas,2115,HP:0000776
2116,nail dysplasia unspecified,cineas,2116,HP:0002164
2121,tetralogy of fallot ad,cineas,2121,HP:0001636
2124,communicating hydrocephalus acquired,cineas,2124,HP:0001334
2128,myasthenia gravis ar,cineas,2128,HP:0003473
2133,dandy walker syndrome inheritance unspecified,cineas,2133,
2142,epilepsy centralopathic inheritance unspecified,cineas,2142,
2144,gilles de la tourette syndrome inheritance unspecified,cineas,2144,
2166,leber optic nerve atrophy mtdna,cineas,2166,HP:0001112
2168,duane syndrome inheritance unspecified,cineas,2168,
2169,congenital nystagmus inheritance unspecified,cineas,2169,
2171,blepharophimosis unspecified,cineas,2171,HP:0000581
2191,nephronophtisis familial juvenile ar,cineas,2191,HP:0000090
2194,oligohydramnios sequence due to longstanding rupture of membranes,cineas,2194,
2217,prader-willi syndrome uniparental disomy,cineas,2217,
2218,prader-willi syndrome de novo deletion chromosome (15)(q11q13),cineas,2218,
2227,pierre robin syndrome ar,cineas,2227,
2231,usher syndrome type 2 ar,cineas,2231,
2238,syndrome charge ad,cineas,2238,
2248,jejunal atresia familial,cineas,2248,HP:0005235
2251,hypoplastic left heart syndrome familial,cineas,2251,HP:0010954
2256,bicuspid aortic valve ad,cineas,2256,HP:0001647
2273,neurofibromatosis segmental type,cineas,2273,HP:0007524
2276,panhypopituitarism inheritance unspecified,cineas,2276,
2300,peroxisomal disorder unspecified,cineas,2300,
2309,mediterranean fever familial ar,cineas,2309,
2324,cerebrotendinous xanthomatosis type 1 ar,cineas,2324,
2344,liver insufficiency unspecified,cineas,2344,
2346,primary sclerotic cholangitis,cineas,2346,HP:0030991
2353,spina bifida with hydrocephalus unspecified,cineas,2353,
2354,cerebellum hypoplasia inheritance unspecified,cineas,2354,HP:0001321
2355,vermis agenesis cerebelli,cineas,2355,HP:0002335
2357,megalencephaly ad,cineas,2357,HP:0001355
2359,microphthalmos unilateral,cineas,2359,HP:0011480
2360,microphthalmos bilateral,cineas,2360,HP:0007633
2362,encephalocele occipital,cineas,2362,HP:0002085
2363,microcephaly xl,cineas,2363,HP:0000252
2365,lissencephaly unspecified,cineas,2365,HP:0001339
2366,schizencephaly unspecified,cineas,2366,HP:0010636
2368,cleft lip palate unilateral,cineas,2368,HP:0100334
2369,cleft lip palate bilateral,cineas,2369,HP:0002744
2370,malrotation ileum inheritance unspecified,cineas,2370,
2377,horseshoe kidney,cineas,2377,HP:0000085
2378,clubbed fingers inheritance unspecified,cineas,2378,
2382,foramina parietalia permagna ad,cineas,2382,
2388,acanthosis nigricans ad,cineas,2388,HP:0000956
2394,klinefelter syndrome karyotype xxy,cineas,2394,
2399,dysmorphism unspecified,cineas,2399,
2406,angelman syndrome uniparental disomy,cineas,2406,
2407,floating harbor syndrome ad,cineas,2407,HP:0001357
2412,fg syndrome xl,cineas,2412,
2415,single umbilical artery,cineas,2415,HP:0001195
2418,chemotherapy teratogenicity unspecified,cineas,2418,
2432,polydactyly preaxial upper limbs,cineas,2432,HP:0100258
2433,polydactyly preaxial lower limbs,cineas,2433,HP:0100258
2437,atrial septum defect primum type inheritance unspecified,cineas,2437,HP:0010445
2439,cleft hard palate unspecified,cineas,2439,HP:0410005
2440,uvula bifid ad,cineas,2440,HP:0000193
2449,hydrocephalus obstructive unspecified,cineas,2449,
2452,aneurysm aortic thoracal,cineas,2452,HP:0012727
2465,spina bifida aperta site unspecified with hydrocephalus,cineas,2465,
2484,valvular pulmonary stenosis congenital,cineas,2484,HP:0001642
2485,down syndrome trisomy 21 chromosome unspecified,cineas,2485,
2487,aorta coarctation preductal,cineas,2487,HP:0005151
2494,kidney dysplasia multicystic,cineas,2494,HP:0000003
2499,hirschsprung disease inheritance unspecified,cineas,2499,
2500,long qt syndrome 1,cineas,2500,HP:0001657
2501,hypogonadotrophic hypogonadism unspecified,cineas,2501,HP:0000044
2514,charcot-marie-tooth disease slow nerve conduction type not linked to duffy ad,cineas,2514,
2515,convulsions benign familial neonatal linked to chromosome 20,cineas,2515,
2522,ectodermal dysplasia with cleft lip and cleft palate ad,cineas,2522,
2528,lactose intolerance congenital ad,cineas,2528,HP:0004789
2532,macrocephaly benign familial ad,cineas,2532,
2566,pyruvate dehydrogenase complex e1-alpha polypeptide-1 xl,cineas,2566,
2573,malignant neoplasm colon unspecified,cineas,2573,HP:0100836
2575,malignant neoplasm pancreas,cineas,2575,HP:0002894
2579,malignant neoplasm breast inheritance unspecified,cineas,2579,
2582,malignant neoplasm ovary or adnexa unspecified,cineas,2582,
2588,astrocytoma juvenile onset,cineas,2588,
2612,hypothyroidism autoimmune unspecified,cineas,2612,HP:0011771
2624,hyperlipidemia unspecified,cineas,2624,HP:0003077
2644,depressive disorder unspecified,cineas,2644,
2646,hyperkinetic behavior anomaly,cineas,2646,
2648,mental retardation profound,cineas,2648,HP:0002187
2650,encephalomyopathy mitochondrial unspecified,cineas,2650,HP:0006789
2651,encephalomyelopathy unspecified,cineas,2651,
2655,myoclonus familial type and inheritance unspecified,cineas,2655,
2656,myoclonus non-epileptic unspecified,cineas,2656,
2659,hemiplegia familial unspecified,cineas,2659,
2663,epilepsy partial type unspecified,cineas,2663,
2665,porencephalic cyst unspecified,cineas,2665,HP:0002132
2680,nystagmus unspecified,cineas,2680,
2694,pericarditis unspecified,cineas,2694,
2695,cardiomyopathy hypertrophic unspecified,cineas,2695,HP:0001639
2700,atrial fibrillation unspecified,cineas,2700,HP:0005110
2702,hemorrhage intracerebral unspecified,cineas,2702,HP:0001342
2703,hemorrhage intracranial unspecified,cineas,2703,HP:0002170
2709,moyamoya disease inheritance unspecified,cineas,2709,
2712,vascular disease peripheral unspecified,cineas,2712,
2720,pulmonary fibrosis interstitial unspecified,cineas,2720,
2721,fibrosis lung unspecified,cineas,2721,
2723,teeth anomaly unspecified,cineas,2723,
2728,hernia umbilical unspecified,cineas,2728,HP:0001537
2752,arthritis unspecified,cineas,2752,
2755,thorax anomaly acquired unspecified,cineas,2755,
2759,corpus callosum hypoplasia,cineas,2759,HP:0006849
2760,polymicrogyria unspecified,cineas,2760,HP:0002126
2767,hypoplasia optic nerve inheritance unspecified,cineas,2767,HP:0000609
2768,coloboma choroideal congenital,cineas,2768,HP:0000611
2774,preauricular appendices unspecified,cineas,2774,
2776,atrial septum defect secundum type inheritance unspecified,cineas,2776,HP:0001684
2778,heart malformation complex congenital unspecified,cineas,2778,
2779,atresia pulmonary valve unspecified,cineas,2779,HP:0010882
2780,hypoplasia heart unspecified,cineas,2780,
2781,heart valve dysplasia unspecified,cineas,2781,
2782,aortic stenosis supravalvular unspecified,cineas,2782,HP:0004381
2783,atresia pulmonary artery unspecified,cineas,2783,HP:0004935
2785,anomaly of circulatory system congenital unspecified,cineas,2785,
2786,aneurysm arteriovenous intracranial unspecified,cineas,2786,
2787,atresia choanal laterality unspecified,cineas,2787,HP:0004502
2790,cleft palate unspecified,cineas,2790,HP:0000175
2791,cleft lip unilateral with cleft palate laterality unspecified,cineas,2791,HP:0100333
2792,cleft lip bilateral with cleft palate laterality unspecified,cineas,2792,HP:0002744
2794,duodenal atresia unspecified,cineas,2794,HP:0002247
2800,pancreas dysplasia unspecified,cineas,2800,HP:0005232
2803,cryptorchidism unilateral,cineas,2803,HP:0012741
2804,cryptorchidism bilateral,cineas,2804,HP:0008689
2813,large fontanel unspecified,cineas,2813,HP:0000239
2815,plagiocephaly unspecified,cineas,2815,HP:0001357
2817,talipes calcaneovarus unspecified,cineas,2817,HP:0008124
2818,talipes calcaneovalgus unspecified,cineas,2818,HP:0001884
2821,polydactyly postaxial upper limb,cineas,2821,HP:0100259
2822,polydactyly upper limbs unilateral unspecified,cineas,2822,
2828,polydactyly postaxial,cineas,2828,HP:0100259
2831,hypoplasia thumb,cineas,2831,HP:0009778
2842,vertebral anomaly unspecified,cineas,2842,HP:0003468
2862,cytomegalovirus infection maternal during pregnancy,cineas,2862,
2871,placenta insufficiency unspecified,cineas,2871,
2878,macrosomy unspecified,cineas,2878,
2879,hemorrhage perinatal unspecified,cineas,2879,
2885,convulsions neonatal unspecified,cineas,2885,
2886,benign familial neonatal convulsions locus unspecified ad,cineas,2886,
2887,convulsions unspecified,cineas,2887,
2902,hereditary breast ovary cancer syndrome ad,cineas,2902,
2903,multiplex pervasive development disorder,cineas,2903,HP:0000729
2904,epilepsy primary generalized,cineas,2904,
2919,kabuki make-up syndrome,cineas,2919,
2920,turner syndrome karyotype xo mosaicism,cineas,2920,
2927,lysinuric protein intolerance,cineas,2927,HP:0001984
2935,myoclonus and ataxia ad,cineas,2935,
2936,marcus gunn phenomenon ad,cineas,2936,
2939,pectus carinatum unspecified,cineas,2939,HP:0000768
2958,trigonocephaly unspecified,cineas,2958,HP:0000243
2962,spastic paraplegia ad,cineas,2962,HP:0001258
2964,bulbar palsy progressive with perceptive deafness familial,cineas,2964,
2968,thrombocytopenia alloimmune,cineas,2968,HP:0004809
2969,myalgic encephalitis,cineas,2969,
2974,cerebellar atrophy inheritance unspecified,cineas,2974,
2979,corpus callosum agenesis macrocephaly familial inheritance unspecified,cineas,2979,
2995,transverse reduction defect lower arm,cineas,2995,
2996,chromosome deletion (22)(q11) syndrome phenotype unspecified,cineas,2996,
2999,agenesis pituitary gland,cineas,2999,
3000,kernicterus,cineas,3000,HP:0001343
3001,currarino triad ad,cineas,3001,
3012,protein-losing enteropathy,cineas,3012,HP:0002243
3013,behavior disorder unspecified,cineas,3013,HP:0000708
3014,brain damage cause unspecified,cineas,3014,
3039,xeroderma pigmentosum inheritance unspecified,cineas,3039,
3092,malignant neoplasm prostate,cineas,3092,
3096,desmoid tumor unspecified,cineas,3096,HP:0100245
3099,chondroma unspecified,cineas,3099,
3102,sarcoma unspecified,cineas,3102,
3111,synovial sarcoma unspecified,cineas,3111,HP:0012570
3121,medulloblastoma cerebellar,cineas,3121,HP:0007129
3131,meningioma unspecified,cineas,3131,
3144,squamous cell carcinoma of skin unspecified,cineas,3144,HP:0006739
3146,basal cell carcinoma of skin unspecified,cineas,3146,HP:0002671
3148,carcinoid tumor lung unspecified,cineas,3148,HP:0030445
3161,autonomic control congenital failure of,cineas,3161,
3162,congenital laryngomalacia,cineas,3162,HP:0001601
3177,neonatal death unspecified,cineas,3177,HP:0003811
3181,intrahepatic cholestasis,cineas,3181,HP:0001406
3183,colorectal cancer unspecified,cineas,3183,
3187,benign epilepsy of childhood,cineas,3187,
3189,craniosynostosis of sutura coronaria,cineas,3189,HP:0004440
3194,pontocerebellar hypoplasia type 2,cineas,3194,HP:0006955
3196,hydrothorax congenital,cineas,3196,HP:0006647
3199,polycystic kidneys potter type 3 apkd unspecified ad,cineas,3199,
3203,anteriorly placed anus,cineas,3203,HP:0001545
3206,aortic stenosis valvular unspecified,cineas,3206,HP:0001650
3214,trisomy 16 mosaicism,cineas,3214,
3215,trisomy 20 mosaicism,cineas,3215,
3216,hairy elbows,cineas,3216,HP:0004780
3222,machado-joseph disease linked to chromosome (14)(q24.3q31) ad,cineas,3222,
3227,transposition of the great arteries,cineas,3227,HP:0001669
3232,alpha-thalassemia mental retardation syndrome non-deletion type xl,cineas,3232,
3234,oculodigitoesophageoduodenal syndrome ad,cineas,3234,
3237,mitochondrial complex 1 deficiency,cineas,3237,
3246,cardiomyopathy congestive ar,cineas,3246,HP:0001644
3260,mitochondrial dna depletion syndrome,cineas,3260,HP:0006581
3261,mitochondrial myopathy with lactic acidosis,cineas,3261,HP:0003737
3267,rhabdomyolysis acute recurrent,cineas,3267,HP:0008942
3335,convulsions benign familial neonatal linked to chromosome 8,cineas,3335,
3337,convulsions benign familial infantile ad,cineas,3337,
3344,cornelia de lange syndrome inheritance unspecified,cineas,3344,
3346,scoliosis unspecified,cineas,3346,
3357,spherocytosis inheritance unspecified,cineas,3357,
3362,anomalous pulmonary venous return ad,cineas,3362,HP:0010772
3382,wolf hirschhorn syndrome deletion (4)(p16.3),cineas,3382,
3386,prader willi syndrome methylation defect,cineas,3386,
3387,reciprocal translocation chromosome unspecified,cineas,3387,
3394,tuberous sclerosis-1 ad,cineas,3394,
3396,epilepsy partial with variable foci ad,cineas,3396,
3397,epilepsy nocturnal frontal lobe type otherwise unspecified,cineas,3397,
3419,albright hereditary osteodystrophy gnas1 mutation chromosome (20)(q13.2) ad,cineas,3419,
3421,growth disorder unspecified,cineas,3421,
3422,oromandibular limb hypoplasia unspecified,cineas,3422,
3437,learning disorder familial unspecified,cineas,3437,
3448,ischiopatellar dysplasia ad,cineas,3448,
3462,achalasia familial esophageal,cineas,3462,HP:0002571
3501,albinism with immune and hematologic defects,cineas,3501,
3512,neuronal ceroid lipofuscinosis type unspecified,cineas,3512,
3545,colon cancer familial nonpolyposis type 1 msh2 mutation ad,cineas,3545,
3546,colon cancer familial nonpolyposis coli type 2 mlh1 mutation ad,cineas,3546,
3548,miller-dieker lissencephaly syndrome without deletion chromosome (17)(p13.3),cineas,3548,
3575,trisomy 21 syndrome nondisjunction non-mosaic,cineas,3575,
3585,fragile xa,cineas,3585,
3642,arrhythmogenic right ventricular dysplasia familial 1,cineas,3642,
3693,reciprocal translocation autosomal chromosome unspecified,cineas,3693,
3717,marfan syndrome classic fbn1 mutation linked to chromosome (15)(q21.1) ad,cineas,3717,
3718,lung abnormality unspecified,cineas,3718,HP:0002088
3724,smith-magenis syndrome deletion (17)(p11.2),cineas,3724,
3731,translocation autosomal chromosome unspecified,cineas,3731,
3780,partial trisomy chromosome 6 unspecified,cineas,3780,
3782,partial trisomy chromosome 9 unspecified,cineas,3782,
3790,partial trisomy chromosome 16 unspecified,cineas,3790,
3793,partial trisomy chromosome 19 unspecified,cineas,3793,
3804,trisomy (3)(q) unspecified,cineas,3804,
3833,trisomy (18)(p) unspecified,cineas,3833,
3844,trisomy (x)(q) unspecified,cineas,3844,
3848,partial trisomy chromosome 1 due to duplication unspecified,cineas,3848,
3849,partial trisomy chromosome 2 due to duplication unspecified,cineas,3849,
3853,partial trisomy chromosome 6 due to duplication unspecified,cineas,3853,
3859,partial trisomy chromosome 12 due to duplication unspecified,cineas,3859,
3862,oartial trisomy chromosome 15 due to duplication unspecified,cineas,3862,
3863,partial trisomy chromosome 16 due to duplication unspecified,cineas,3863,
3864,partial trisomy chromosome 17 due to duplication unspecified,cineas,3864,
3866,partial trisomy chromosome 19 due to duplication unspecified,cineas,3866,
3869,partial trisomy chromosome 22 due to duplication unspecified,cineas,3869,
3870,partial trisomy chromosome x due to duplication unspecified,cineas,3870,
3883,partial trisomy chromosome 11 due to translocation unspecified,cineas,3883,
3894,partial trisomy chromosome 22 due to translocation unspecified,cineas,3894,
3898,partial trisomy chromosome 1 due to insertion unspecified,cineas,3898,
3899,partial trisomy chromosome 2 due to insertion unspecified,cineas,3899,
3912,partial trisomy chromosome 15 due to insertion unspecified,cineas,3912,
3940,partial trisomy chromosome 18 due to extra marker chromosome unspecified,cineas,3940,
4047,robertsonian translocation chromosome (13;14) unspecified,cineas,4047,
4059,li fraumeni syndrome linked to p53 chromosome (17)(p13.1) ad,cineas,4059,
4065,renal cell carcinoma papillary hereditary unspecified,cineas,4065,HP:0006766
4081,partial monosomy chromosome 2 unspecified,cineas,4081,
4085,partial monosomy chromosome 7 unspecified,cineas,4085,
4091,partial monosomy chromosome 13 unspecified,cineas,4091,
4093,partial monosomy chromosome 15 unspecified,cineas,4093,
4110,monosomy chromosome (4)(q) unspecified,cineas,4110,
4122,monosomy chromosome (10)(q) unspecified,cineas,4122,
4132,monosomy chromosome (15)(q) unspecified,cineas,4132,
4145,cardiomyopathy dilated unspecified,cineas,4145,HP:0001644
4175,partial monosomy chromosome 1 due to deletion unspecified,cineas,4175,
4176,partial monosomy chromosome 2 due to deletion unspecified,cineas,4176,
4177,partial monosomy chromosome 3 due to deletion unspecified,cineas,4177,
4178,partial monosomy chromosome 4 due to deletion unspecified,cineas,4178,
4180,partial monosomy chromosome 6 due to deletion unspecified,cineas,4180,
4181,partial monosomy chromosome 7 due to deletion unspecified,cineas,4181,
4182,partial monosomy chromosome 8 due to deletion unspecified,cineas,4182,
4183,partial monosomy chromosome 9 due to deletion unspecified,cineas,4183,
4184,partial monosomy chromosome 10 due to deletion unspecified,cineas,4184,
4185,partial monosomy chromosome 11 due to deletion unspecified,cineas,4185,
4186,partial monosomy chromosome 12 due to deletion unspecified,cineas,4186,
4189,partial monosomy chromosome 15 due to deletion unspecified,cineas,4189,
4190,partial monosomy chromosome 16 due to deletion unspecified,cineas,4190,
4191,partial monosomy chromosome 17 due to deletion unspecified,cineas,4191,
4192,partial monosomy chromosome 18 due to deletion unspecified,cineas,4192,
4193,partial monosomy chromosome 19 due to deletion unspecified,cineas,4193,
4194,partial monosomy chromosome 20 due to deletion unspecified,cineas,4194,
4196,partial monosomy chromosome 22 due to deletion unspecified,cineas,4196,
4205,body stalk complex,cineas,4205,
4207,attention deficit hyperactivity disorder,cineas,4207,HP:0007018
4211,breast cancer type 1 linked to chromosome (17)(q21) ad,cineas,4211,
4212,breast cancer type 2 linked to chromosome (13)(q12.3) ad,cineas,4212,
4233,poikiloderma hereditary acrokeratotic,cineas,4233,
4243,congenital disorder of glycosylation type 1c ar,cineas,4243,
4250,kbg syndrome ad,cineas,4250,
4253,partial monosomy chromosome 5 unspecified,cineas,4253,
4265,crouzon syndrome fgfr2 mutation chromosome (10)(q26),cineas,4265,
4276,landau-kleffner syndrome,cineas,4276,
4278,angelman syndrome linked to ube3a,cineas,4278,
4301,short rib-polydactyly syndrome type 3 ar,cineas,4301,
4313,achondrogenesis type 2 col2a1 mutation chromosome (12)(q13.11q13.2) ad,cineas,4313,
4319,stickler syndrome type 1 col2a1 mutation chromosome (12)(q13.11q13.2) ad,cineas,4319,
4364,zellweger syndrome pex1 mutation chromosome (7)(q21q22) ar,cineas,4364,
4425,spondyloepimetaphyseal dysplasia unspecified,cineas,4425,HP:0002651
4442,short stature idiopathic unspecified,cineas,4442,
4446,robinow syndrome unspecified,cineas,4446,
4456,hypertension with brachydactyly chromosome (12)(p12.2p11.2) ad,cineas,4456,
4478,bowing of long bones asymmetric and symmetric,cineas,4478,
4487,osteogenesis imperfecta type 1a col1a1 mutation chromosome (17)(q21.31q22.05) ad,cineas,4487,
4489,gm1 gangliosidosis type 1,cineas,4489,
4503,osteogenesis imperfecta type 2 col1a1 mutation chromosome (17)(q21.31q22.05) ad,cineas,4503,
4506,osteogenesis imperfecta col1a1 mutation chromosome (7)(q22.1) unspecified ad,cineas,4506,
4539,thanatophoric dysplasia type 1 fgfr3 mutation chromosome (4)(p16.3) ad,cineas,4539,
4546,hypochondroplasia unspecified ad,cineas,4546,
4616,hyperphosphatasemia unspecified ar,cineas,4616,HP:0003155
4617,frontometaphyseal dysplasia unspecified,cineas,4617,
4620,oculodentodigital dysplasia chromosome (6)(q22q24) ad,cineas,4620,
4633,albright hereditary osteodystrophy unspecified,cineas,4633,
4668,nail-patella syndrome nps1 mutation chromosome (9)(q34.1) ad,cineas,4668,
4674,obesity unspecified,cineas,4674,
4698,hyperbilirubinemia unspecified,cineas,4698,HP:0002904
4700,lymphoproliferative disease unspecified,cineas,4700,
4748,pulmonary hypertension primary,cineas,4748,HP:0002092
4749,short rib-polydactyly syndrome unspecified ar,cineas,4749,
4784,pulmonary surfactant protein b deficiency,cineas,4784,
4788,frontal lobe epilepsy,cineas,4788,
4803,keratosis palmoplantaris striata 1 ad,cineas,4803,HP:0000972
4807,malignant neoplasm colon familial unspecified,cineas,4807,
4809,colon cancer familial nonpolyposis coli msh6 mutation ad,cineas,4809,
4815,attenuated polyposis adenomatous intestinal unspecified ad,cineas,4815,
4816,attenuated polyposis adenomatous intestinal apc mutation ad,cineas,4816,
4819,multiple hamartoma syndrome pten mutation ad,cineas,4819,
4820,renal-coloboma syndrome ad,cineas,4820,
4826,rubinstein taybi syndrome crebbp mutation,cineas,4826,
4827,trichorhinophalangeal syndrome type 1 linked to chromosome (8)(q24.12) ad,cineas,4827,
4828,velocardiofacial syndrome linked to chromosome (22)(q11.21q11.23),cineas,4828,
4829,williams-beuren syndrome linked to chromosome (7)(q11.23),cineas,4829,
4837,dandy-walker-like malformation with atrioventricular septal defect,cineas,4837,HP:0011576
4838,deafness neurosensory 1 ar,cineas,4838,HP:0000407
4846,noonan like syndrome with loose anagen hair,cineas,4846,
4854,noncompaction of left ventricular myocardium familial isolated ad,cineas,4854,HP:0012817
4862,episodic ataxia type 2,cineas,4862,HP:0002131
4875,cardiomyopathy hypertrophic familial,cineas,4875,HP:0001639
4878,bilateral periventricular nodular heterotopia,cineas,4878,HP:0032388
4881,periventricular nodular heterotopia unspecified,cineas,4881,HP:0032388
4899,delayed tooth eruption,cineas,4899,HP:0000684
4922,spastic paraplegia 11ar,cineas,4922,HP:0001258
4925,creatine deficiency syndrome xl,cineas,4925,
4930,atrioventricular septal defect 1,cineas,4930,HP:0006695
4933,atrioventricular septal defect unspecified,cineas,4933,HP:0006695
4935,odho blepharophimosis syndrome,cineas,4935,HP:0000581
4937,brugada syndrome,cineas,4937,
4939,sudden unexplained death,cineas,4939,HP:0001699
4947,borderline severe myoclonic epilepsy of infancy associated with scn1a mutation,cineas,4947,
4948,generalized epilepsy febrile seizures plus unspecified,cineas,4948,
4949,generalized epilepsy febrile seizures plus associated with scn1a mutation,cineas,4949,
4953,goiter multinodular 1,cineas,4953,HP:0005987
4962,hyperexplexia hereditary,cineas,4962,
4963,tachycardia unspecified,cineas,4963,HP:0001649
4973,muscle eye brain disease,cineas,4973,
4982,hyperechogenic bowel,cineas,4982,HP:0010943
4988,cardiomyopathy familial restrictive unspecified,cineas,4988,HP:0001723
4990,abnormal nuchal translucency,cineas,4990,
4991,abnormal echographic marker,cineas,4991,HP:0003116
4993,shortened femur,cineas,4993,HP:0003097
5005,disorder x linked,cineas,5005,
5013,congenital hypothyroidism with elevated serum t3,cineas,5013,HP:0000851
5019,bethlem congenital muscular dystrophy,cineas,5019,HP:0003741
5020,schwannomatosis ad,cineas,5020,
5021,myoclonic astatic epilepsy of childhood,cineas,5021,
5023,abnormal first trimester screening,cineas,5023,
5024,microdeletion syndrome clinically unspecified,cineas,5024,
5025,continuous spike and wave syndrome unspecified,cineas,5025,
5034,mowat wilson syndrome,cineas,5034,
5042,turner syndrome karyotype xo non mosaic,cineas,5042,
5047,trisomy 2 mosaicism,cineas,5047,
5062,periodic fever familial ad gene unspecified,cineas,5062,
5100,sebaceous carcinoma,cineas,5100,HP:0030410
5107,neuropathy hereditary sensory and autonomic type v,cineas,5107,
5108,glucose galactose malabsorption,cineas,5108,
5113,takayasu arteritis,cineas,5113,
5114,pitt hopkins syndrome,cineas,5114,
5116,glut1 deficiency syndrome,cineas,5116,
5126,fanconi anemia complementation group l,cineas,5126,
5138,silver russel syndrome linked with 11p15,cineas,5138,
5146,danon disease,cineas,5146,
5173,progressive cardiac conduction defect unspecified,cineas,5173,HP:0031546
5200,fanconi bickel disease,cineas,5200,
5202,pheochromocytoma,cineas,5202,HP:0002666
5222,movement disorder unspecified,cineas,5222,HP:0100022
5225,kidney disease unspecified,cineas,5225,
5231,congenital central nervous system malformation,cineas,5231,
5233,congenital lung malformation unspecified,cineas,5233,
5235,congenital malformation of kidney unspecified,cineas,5235,
5236,skeletal disorder unspecified,cineas,5236,
5237,growth disorder height unspecified,cineas,5237,
5238,asymmetry face and or body,cineas,5238,HP:0000324
5239,congenital skin disorder unspecified,cineas,5239,
5242,alexander disease ad,cineas,5242,
5250,neurotransmitter defect unspecified,cineas,5250,
5269,long qt syndrome unspecified,cineas,5269,HP:0001657
5272,ventricular fibrillation paroxysmal familial unspecified,cineas,5272,
5273,ventricular fibrillation paroxysmal unspecified,cineas,5273,
5278,nicolaides baraitser syndrome,cineas,5278,
5285,mental retardation and dysmorphism unspecified,cineas,5285,HP:0001249
5286,mental retardation and multiple congenital anomalies unspecified,cineas,5286,
5294,renal hepatic pancreatic disease,cineas,5294,
5336,familial hypertriglyceridemia,cineas,5336,HP:0002155
5351,congenital disorder of glycosylation type 2c,cineas,5351,
5355,familial hyperinsulinemic hypoglycemia 1,cineas,5355,HP:0000825
5370,mitochondrial complex 4 deficiency,cineas,5370,
5372,mitochondrial disorder multiple complex deficiency,cineas,5372,
5380,neuronal ceroid lipofuscinosis type 1,cineas,5380,
5381,mitochondrial disorder unspecified,cineas,5381,
5387,primary coenzym q10 deficiency,cineas,5387,
5389,vanishing white matter,cineas,5389,
5404,malignant neoplasm stomach familial,cineas,5404,
5407,malignant neoplasm colorectal,cineas,5407,
5408,lynch syndrome,cineas,5408,
5419,gastrointestinal stromal tumor,cineas,5419,HP:0100723
5431,cancer of breast familial,cineas,5431,HP:0003002
5447,malignant neoplasm prostate hereditary,cineas,5447,
5453,wilms tumor hereditary,cineas,5453,
5455,renal cell carcinoma unspecified,cineas,5455,HP:0005584
5458,renal cell carcinoma clear cell,cineas,5458,HP:0006770
5481,li-fraumeni syndrome,cineas,5481,
5484,pheochromocytoma hereditary,cineas,5484,HP:0002666
5492,teratoma familial,cineas,5492,
5514,linear sebaceous nevus syndrome,cineas,5514,HP:0010817
5535,mutyh associated polyposis,cineas,5535,
5545,epilepsy limited to females with mental retardation,cineas,5545,
5546,peripartum cardiomyopathy,cineas,5546,HP:0001638
5553,aortic dissection type b,cineas,5553,HP:0012499
5555,arterial dissection unspecified,cineas,5555,HP:0005294
5556,familial thoracic aortic aneurysm,cineas,5556,HP:0012727
5557,ectodermal dysplasia caused by wnt10a mutation,cineas,5557,
5565,cancer familial,cineas,5565,HP:0032317
5572,ehlers-danlos kyphoscoliosis type,cineas,5572,
5576,ehlers-danlos syndrome due to tenascin x deficiency,cineas,5576,
5585,proven mosaicism,cineas,5585,
5586,possible mosaicism,cineas,5586,
5599,ciliopathy unspecified,cineas,5599,
5601,cardiac arrhytmia unspecified,cineas,5601,HP:0011675
5602,warburg micro syndrome,cineas,5602,
5603,abnormal non invasive prenatal test,cineas,5603,
5618,kleefstra syndrome,cineas,5618,
5639,baraitser winter syndrome,cineas,5639,
